delta_t,P0,deltas,costs,Lambda,N,T,target_energies
1.0,1.0,0.18266984513826795,0.6088994837942265,5,2,2,2
1.0,1.0,0.2008789543589304,0.6695965145297681,5,2,2,2
