,time,cost,cost_baseline,exact_gs
0,500.0,-33.45550006695057,-41.220022049633755,-69.10133355859254
