,time,cost,cost_baseline,exact_gs
0,1860.0,-158.12299900717434,-44.15227987164465,-600.0755564509277
