,time,cost,cost_baseline,exact_gs
0,964.0,-51.15095682998035,-25.92299910459925,-599.8417520379311
