,time,cost,cost_baseline,exact_gs
0,692.0,-28.4819117853849,-23.245683768648515,-560.0262128562379
