,time,cost,cost_baseline,exact_gs
0,500.0,-15.919035698052841,-17.199117204136577,-620.2224596173883
