time,cost,cost_baseline
500.0,-34.80823076534846,-32.925437539030156
692.0,-59.90184737620665,-41.542773828368254
964.0,-59.80597011818136,-48.272467894975435
1340.0,-60.05125278437804,-54.58715796063702
1860.0,-60.02583339858236,-58.021021390144256
2588.0,-60.01360013820147,-59.432383918038994
3596.0,-59.99299927767964,-58.687521651966655
5000.0,-59.89929008742,-57.08581717061718
