,time,cost,cost_baseline,exact_gs
0,1340.0,-92.08948142439236,-32.36854858848291,-559.5131988049177
