,time,cost,cost_baseline,exact_gs
0,2588.0,-261.21389210075915,-65.82131029712112,-560.865450515247
