,time,cost,cost_baseline,exact_gs
0,3596.0,-309.83074240363743,-84.31385795639453,-580.4658032091068
