delta_t,P0,deltas,costs,Lambda,N,T,target_energies
1.0,1.0,0.22123778431676971,0.7374592810558991,5,2,2,2
1.0,1.0,0.2809812369697425,0.936604123232475,5,2,2,1
